FROM,TO,VEC,TO-FIPS,FROM-FIPS,COUNT
RIVERSIDE CO CA,CHANDLER AZ,RIVERSIDE CO CA to CHANDLER AZ,04013,06065,1
FRESNO CO CA,GLENDALE AZ,FRESNO CO CA to GLENDALE AZ,04013,06019,2
FRESNO CO CA,BOSTON MA,FRESNO CO CA to BOSTON MA,25025,06019,4
CALAVERAS CO CA,MESA AZ,CALAVERAS CO CA to MESA AZ,04013,06009,2
CALAVERAS CO CA,HERNANDO CO FL,CALAVERAS CO CA to HERNANDO CO FL,12053,06009,1
CALAVERAS CO CA,KITSAP CO WA,CALAVERAS CO CA to KITSAP CO WA,53035,06009,1
CALAVERAS CO CA,HIGH POINT NC,CALAVERAS CO CA to HIGH POINT NC,37057,06009,1
CALAVERAS CO CA,SAN ANTONIO TX,CALAVERAS CO CA to SAN ANTONIO TX,48029,06009,1
CALAVERAS CO CA,ELK TWP NJ,CALAVERAS CO CA to ELK TWP NJ,,06009,1
KERN CO CA,OLATHE KS,KERN CO CA to OLATHE KS,20091,06029,2
KERN CO CA,FORT WAYNE IN,KERN CO CA to FORT WAYNE IN,18003,06029,1
SACRAMENTO CA,ATLANTA GA,SACRAMENTO CA to ATLANTA GA,13089,06067,2
SAN DIEGO CA,ATLANTA GA,SAN DIEGO CA to ATLANTA GA,13089,06073,1
STOCKTON CA,STATE MO,STOCKTON CA to STATE MO,,06077,1
LOS ANGELES CA,BAY CO FL,LOS ANGELES CA to BAY CO FL,12005,06037,1
SAN BERNARDINO CO CA,MANATEE CO FL,SAN BERNARDINO CO CA to MANATEE CO FL,12081,06071,1
SAN BERNARDINO CO CA,ATLANTA GA,SAN BERNARDINO CO CA to ATLANTA GA,13089,06071,1
SANTA CLARA CO CA,BALTIMORE MD,SANTA CLARA CO CA to BALTIMORE MD,24510,06085,2
OAKLAND CA,BALTIMORE MD,OAKLAND CA to BALTIMORE MD,24510,06001,2
SONOMA CO CA,BALTIMORE MD,SONOMA CO CA to BALTIMORE MD,24510,06097,2
WEST SACRAMENTO CA,KANSAS CITY MO,WEST SACRAMENTO CA to KANSAS CITY MO,29037,06113,1
SACRAMENTO CO CA,STATE MO,SACRAMENTO CO CA to STATE MO,,06067,1
LOS ANGELES CA,STATE MO,LOS ANGELES CA to STATE MO,,06037,1
LOS ANGELES CA,ABILENE TX,LOS ANGELES CA to ABILENE TX,48253,06037,1
SANTA BARBARA CA,STATE MO,SANTA BARBARA CA to STATE MO,,06083,1
SAN DIEGO CA,STATE MO,SAN DIEGO CA to STATE MO,,06073,1
DALY CITY CA,DURHAM NC,DALY CITY CA to DURHAM NC,37063,06081,2
LOS ANGELES CO CA,DURHAM NC,LOS ANGELES CO CA to DURHAM NC,37063,06037,2
SACRAMENTO CA,NORMAN OK,SACRAMENTO CA to NORMAN OK,40027,06067,2
YOLO CO CA,PORTLAND OR,YOLO CO CA to PORTLAND OR,41005,06113,1
FAIRFIELD CA,PORTLAND OR,FAIRFIELD CA to PORTLAND OR,41005,06095,1
FAIRFIELD CA,SEATTLE WA,FAIRFIELD CA to SEATTLE WA,53033,06095,1
VENTURA CA,SEATTLE WA,VENTURA CA to SEATTLE WA,53033,06111,1
SAN BERNARDINO CA,CHARLOTTE NC,SAN BERNARDINO CA to CHARLOTTE NC,37119,06071,1
SAN RAFAEL CA,WICHITA KS,SAN RAFAEL CA to WICHITA KS,20173,06041,1
ATASCADERO CA,WICHITA KS,ATASCADERO CA to WICHITA KS,20173,06079,1
FRESNO CA,AUSTIN TX,FRESNO CA to AUSTIN TX,48209,06019,1
HUMBOLDT CO CA,CRYSTAL LAKE IL,HUMBOLDT CO CA to CRYSTAL LAKE IL,17111,06023,1
LOS ANGELES CO CA,KING CO WA,LOS ANGELES CO CA to KING CO WA,53033,06037,1
LOS ANGELES CA,KING CO WA,LOS ANGELES CA to KING CO WA,53033,06037,1
FOLSOM CA,ARLINGTON TX,FOLSOM CA to ARLINGTON TX,48439,06067,1
SAN DIEGO CO CA,KING CO WA,SAN DIEGO CO CA to KING CO WA,53033,06073,2
SAN DIEGO CA,KING CO WA,SAN DIEGO CA to KING CO WA,53033,06073,2
FAIRFIELD CA,PATERSON NJ,FAIRFIELD CA to PATERSON NJ,34031,06095,1
VENTURA CO CA,FORT WAYNE IN,VENTURA CO CA to FORT WAYNE IN,18003,06111,1
CHANDLER AZ,LONG BEACH CA,CHANDLER AZ to LONG BEACH CA,06037,04013,1
CHANDLER AZ,OXNARD CA,CHANDLER AZ to OXNARD CA,06111,04013,2
GILBERT AZ,OXNARD CA,GILBERT AZ to OXNARD CA,06111,04013,1
GLENDALE AZ,LONG BEACH CA,GLENDALE AZ to LONG BEACH CA,06037,04013,5
GLENDALE AZ,CONCORD CA,GLENDALE AZ to CONCORD CA,06013,04013,2
GLENDALE AZ,OXNARD CA,GLENDALE AZ to OXNARD CA,06111,04013,2
GLENDALE AZ,SACRAMENTO CA,GLENDALE AZ to SACRAMENTO CA,06067,04013,3
GLENDALE AZ,SAN DIEGO CA,GLENDALE AZ to SAN DIEGO CA,06073,04013,3
MESA AZ,SAN DIEGO CA,MESA AZ to SAN DIEGO CA,06073,04013,2
MESA AZ,SAN MATEO CO CA,MESA AZ to SAN MATEO CO CA,06081,04013,1
MESA AZ,HAYWARD CA,MESA AZ to HAYWARD CA,06001,04013,2
MESA AZ,SAN JOSE CA,MESA AZ to SAN JOSE CA,06085,04013,1
MESA AZ,LONG BEACH CA,MESA AZ to LONG BEACH CA,06037,04013,1
MESA AZ,OXNARD CA,MESA AZ to OXNARD CA,06111,04013,1
CORPUS CHRISTI TX,HUNTINGTON BEACH CA,CORPUS CHRISTI TX to HUNTINGTON BEACH CA,06059,48355,1
EVERETT WA,SACRAMENTO CA,EVERETT WA to SACRAMENTO CA,06067,53061,1
ST LOUIS MO,SACRAMENTO CA,ST LOUIS MO to SACRAMENTO CA,06067,29510,1
KING CO WA,SACRAMENTO CA,KING CO WA to SACRAMENTO CA,06067,53033,1
LAS VEGAS NV,SACRAMENTO CA,LAS VEGAS NV to SACRAMENTO CA,06067,32003,1
ATLANTA GA,SACRAMENTO CA,ATLANTA GA to SACRAMENTO CA,06067,13089,1
TACOMA WA,SAN JOSE CA,TACOMA WA to SAN JOSE CA,06085,53053,1
PALM BEACH CO FL,SAN DIEGO CA,PALM BEACH CO FL to SAN DIEGO CA,06073,12099,1
PUTNAM CO FL,SAN DIEGO CA,PUTNAM CO FL to SAN DIEGO CA,06073,12107,1
LAS VEGAS NV,LONG BEACH CA,LAS VEGAS NV to LONG BEACH CA,06037,32003,2
LAS VEGAS NV,SAN BERNARDINO CA,LAS VEGAS NV to SAN BERNARDINO CA,06071,32003,6
LAS VEGAS NV,RIVERSIDE CA,LAS VEGAS NV to RIVERSIDE CA,06065,32003,2
LAS VEGAS NV,OXNARD CA,LAS VEGAS NV to OXNARD CA,06111,32003,1
LAS VEGAS NV,STOCKTON CA,LAS VEGAS NV to STOCKTON CA,06077,32003,1
LAS VEGAS NV,SAN DIEGO CA,LAS VEGAS NV to SAN DIEGO CA,06073,32003,1
LAS VEGAS NV,ALAMEDA CA,LAS VEGAS NV to ALAMEDA CA,06001,32003,2
LAS VEGAS NV,SAN MATEO CA,LAS VEGAS NV to SAN MATEO CA,06081,32003,1
SEATTLE WA,SAN DIEGO CA,SEATTLE WA to SAN DIEGO CA,06073,53033,1
BALTIMORE MD,SAN DIEGO CA,BALTIMORE MD to SAN DIEGO CA,06073,24510,1
ARLINGTON TX,SAN DIEGO CA,ARLINGTON TX to SAN DIEGO CA,06073,48439,1
EL PASO TX,SAN BERNARDINO CA,EL PASO TX to SAN BERNARDINO CA,06071,48141,8
WICHITA KS,SAN DIEGO CA,WICHITA KS to SAN DIEGO CA,06073,20173,1
WICHITA KS,EL CAJON CA,WICHITA KS to EL CAJON CA,06073,20173,1
TACOMA WA,SAN DIEGO CA,TACOMA WA to SAN DIEGO CA,06073,53053,1
LEE CO FL,LONG BEACH CA,LEE CO FL to LONG BEACH CA,06037,12071,1
EVERETT WA,LONG BEACH CA,EVERETT WA to LONG BEACH CA,06037,53061,1
TEMPE AZ,LONG BEACH CA,TEMPE AZ to LONG BEACH CA,06037,04013,1
SAN ANTONIO TX,SAN DIEGO CA,SAN ANTONIO TX to SAN DIEGO CA,06073,48029,1
KING CO WA,EL CAJON CA,KING CO WA to EL CAJON CA,06073,53033,1
CLARK CO WA,STOCKTON CA,CLARK CO WA to STOCKTON CA,06077,53011,1
KING CO WA,STOCKTON CA,KING CO WA to STOCKTON CA,06077,53033,1
CLACKAMAS CO OR,STOCKTON CA,CLACKAMAS CO OR to STOCKTON CA,06077,41005,1
GARLAND TX,SAN DIEGO CA,GARLAND TX to SAN DIEGO CA,06073,48085,1
ESCONDIDO CA,SONOMA CO CA,ESCONDIDO CA to SONOMA CO CA,06097,06073,1
LAKE CO CA,RIVERSIDE CA,LAKE CO CA to RIVERSIDE CA,06065,06033,1
YUBA CO CA,CHULA VISTA CA,YUBA CO CA to CHULA VISTA CA,06073,06115,1
SANTA ROSA CA,CHULA VISTA CA,SANTA ROSA CA to CHULA VISTA CA,06073,06097,1
GRIDLEY CA,SAN BERNARDINO CA,GRIDLEY CA to SAN BERNARDINO CA,06071,06007,1
NEVADA CO CA,SAN DIEGO CA,NEVADA CO CA to SAN DIEGO CA,06073,06057,1
CALAVERAS CO CA,CHULA VISTA CA,CALAVERAS CO CA to CHULA VISTA CA,06073,06009,1
LOS ANGELES CO CA,SONOMA CO CA,LOS ANGELES CO CA to SONOMA CO CA,06097,06037,1
NEVADA CO CA,FONTANA CA,NEVADA CO CA to FONTANA CA,06071,06057,1
OAKDALE CA,SAN DIEGO CA,OAKDALE CA to SAN DIEGO CA,06073,06099,1
SAN DIEGO CA,ANTIOCH CA,SAN DIEGO CA to ANTIOCH CA,06013,06073,1
RIVERSIDE CO CA,SONOMA CO CA,RIVERSIDE CO CA to SONOMA CO CA,06097,06065,1
MODESTO CA,SAN DIEGO CA,MODESTO CA to SAN DIEGO CA,06073,06099,1
NAPA CA,ONTARIO CA,NAPA CA to ONTARIO CA,06071,06055,1
FAIRFIELD CA,SAN BERNARDINO CA,FAIRFIELD CA to SAN BERNARDINO CA,06071,06095,1
LINCOLN CA,OXNARD CA,LINCOLN CA to OXNARD CA,06111,06061,1
WOODLAND CA,RIVERSIDE CA,WOODLAND CA to RIVERSIDE CA,06065,06113,1
HAYWARD CA,FONTANA CA,HAYWARD CA to FONTANA CA,06071,06001,1
RIVERSIDE CO CA,SACRAMENTO CA,RIVERSIDE CO CA to SACRAMENTO CA,06067,06065,2
ROCKLIN CA,LONG BEACH CA,ROCKLIN CA to LONG BEACH CA,06037,06061,1
LOS ANGELES CA,SACRAMENTO CA,LOS ANGELES CA to SACRAMENTO CA,06067,06037,2
SALINAS CA,SAN DIEGO CA,SALINAS CA to SAN DIEGO CA,06073,06053,1
RIVERSIDE CO CA,REDWOOD CA,RIVERSIDE CO CA to REDWOOD CA,,06065,1
SAN BERNARDINO CO CA,ANTIOCH CA,SAN BERNARDINO CO CA to ANTIOCH CA,06013,06071,1
UNION CITY CA,NEWARK CA,UNION CITY CA to NEWARK CA,06001,06001,1
HUNTINGTON BEACH CA,STOCKTON CA,HUNTINGTON BEACH CA to STOCKTON CA,06077,06059,1
EUREKA CA,HUNTINGTON BEACH CA,EUREKA CA to HUNTINGTON BEACH CA,06059,06023,1
OAKDALE CA,LONG BEACH CA,OAKDALE CA to LONG BEACH CA,06037,06099,1
HUMBOLDT CO CA,STOCKTON CA,HUMBOLDT CO CA to STOCKTON CA,06077,06023,2
ONTARIO CA,HAYWARD CA,ONTARIO CA to HAYWARD CA,06001,06071,1
LOS ANGELES CA,STOCKTON CA,LOS ANGELES CA to STOCKTON CA,06077,06037,1
LOS ANGELES CO CA,STOCKTON CA,LOS ANGELES CO CA to STOCKTON CA,06077,06037,1
CLOVIS CA,SAN DIEGO CA,CLOVIS CA to SAN DIEGO CA,06073,06019,1
ONTARIO CA,SAN JOSE CA,ONTARIO CA to SAN JOSE CA,06085,06071,1
SANTA CLARA CO CA,LONG BEACH CA,SANTA CLARA CO CA to LONG BEACH CA,06037,06085,1
HUMBOLDT CO CA,SACRAMENTO CA,HUMBOLDT CO CA to SACRAMENTO CA,06067,06023,1
FRESNO CA,RIVERSIDE CA,FRESNO CA to RIVERSIDE CA,06065,06019,2
SIMI VALLEY CA,SAN JOSE CA,SIMI VALLEY CA to SAN JOSE CA,06085,06111,1
BAKERSFIELD CA,SACRAMENTO CA,BAKERSFIELD CA to SACRAMENTO CA,06067,06029,3
KERN CO CA,SAN DIEGO CA,KERN CO CA to SAN DIEGO CA,06073,06029,2
YREKA CA,STOCKTON CA,YREKA CA to STOCKTON CA,06077,06093,1
BAKERSFIELD CA,SAN MATEO CO CA,BAKERSFIELD CA to SAN MATEO CO CA,06081,06029,1
FORTUNA CA,SACRAMENTO CA,FORTUNA CA to SACRAMENTO CA,06067,06023,1
PORTERVILLE CA,SAN DIEGO CA,PORTERVILLE CA to SAN DIEGO CA,06073,06107,1
BAKERSFIELD CA,STOCKTON CA,BAKERSFIELD CA to STOCKTON CA,06077,06029,1
EUREKA CA,ROHNERT PARK CA,EUREKA CA to ROHNERT PARK CA,06097,06023,1
EL DORADO CO CA,SAN JOSE CA,EL DORADO CO CA to SAN JOSE CA,06085,06017,1
RIDGECREST CA,SAN DIEGO CA,RIDGECREST CA to SAN DIEGO CA,06073,06029,1
KINGS CO CA,ELK GROVE CA,KINGS CO CA to ELK GROVE CA,06067,06031,1
VISALIA CA,HUNTINGTON BEACH CA,VISALIA CA to HUNTINGTON BEACH CA,06059,06107,1
SANTA BARBARA CA,EL CAJON CA,SANTA BARBARA CA to EL CAJON CA,06073,06083,1
REDDING CA,STOCKTON CA,REDDING CA to STOCKTON CA,06077,06089,2
HANFORD CA,PLEASANTON CA,HANFORD CA to PLEASANTON CA,06001,06031,1
MONTEREY CO CA,SACRAMENTO CA,MONTEREY CO CA to SACRAMENTO CA,06067,06053,2
TULARE CO CA,STOCKTON CA,TULARE CO CA to STOCKTON CA,06077,06107,1
MENDOCINO CO CA,SAN MATEO CO CA,MENDOCINO CO CA to SAN MATEO CO CA,06081,06045,1
REEDLEY CA,SACRAMENTO CA,REEDLEY CA to SACRAMENTO CA,06067,06019,1
EL DORADO CO CA,ROHNERT PARK CA,EL DORADO CO CA to ROHNERT PARK CA,06097,06017,1
SHASTA CO CA,ELK GROVE CA,SHASTA CO CA to ELK GROVE CA,06067,06089,2
SAN BERNARDINO CO CA,CHULA VISTA CA,SAN BERNARDINO CO CA to CHULA VISTA CA,06073,06071,1
FRESNO CA,SACRAMENTO CA,FRESNO CA to SACRAMENTO CA,06067,06019,3
FRESNO CO CA,SACRAMENTO CA,FRESNO CO CA to SACRAMENTO CA,06067,06019,1
VISALIA CA,SAN JOSE CA,VISALIA CA to SAN JOSE CA,06085,06107,1
MADERA CO CA,ELK GROVE CA,MADERA CO CA to ELK GROVE CA,06067,06039,1
FRESNO CA,MENLO PARK CA,FRESNO CA to MENLO PARK CA,06081,06019,1
SHASTA CO CA,SACRAMENTO CA,SHASTA CO CA to SACRAMENTO CA,06067,06089,1
FRESNO CA,SAN MATEO CA,FRESNO CA to SAN MATEO CA,06081,06019,1
CHICO CA,ANTIOCH CA,CHICO CA to ANTIOCH CA,06013,06007,2
REDDING CA,SACRAMENTO CA,REDDING CA to SACRAMENTO CA,06067,06089,3
BUTTE CO CA,ANTIOCH CA,BUTTE CO CA to ANTIOCH CA,06013,06007,1
CATHEDRAL CITY CA,SAN DIEGO CA,CATHEDRAL CITY CA to SAN DIEGO CA,06073,06065,1
KERN CO CA,OXNARD CA,KERN CO CA to OXNARD CA,06111,06029,1
MONTEREY CO CA,STOCKTON CA,MONTEREY CO CA to STOCKTON CA,06077,06053,1
CHICO CA,STOCKTON CA,CHICO CA to STOCKTON CA,06077,06007,1
IMPERIAL CO CA,SAN DIEGO CA,IMPERIAL CO CA to SAN DIEGO CA,06073,06025,1
MADERA CA,HAYWARD CA,MADERA CA to HAYWARD CA,06001,06039,1
LOS ANGELES CO CA,KERN CO CA,LOS ANGELES CO CA to KERN CO CA,06029,06037,2
HANFORD CA,STOCKTON CA,HANFORD CA to STOCKTON CA,06077,06031,2
MADERA CO CA,STOCKTON CA,MADERA CO CA to STOCKTON CA,06077,06039,1
FRESNO CA,STOCKTON CA,FRESNO CA to STOCKTON CA,06077,06019,2
FRESNO CO CA,STOCKTON CA,FRESNO CO CA to STOCKTON CA,06077,06019,1
LAKE CO CA,ELK GROVE CA,LAKE CO CA to ELK GROVE CA,06067,06033,1
FOLSOM CA,MENLO PARK CA,FOLSOM CA to MENLO PARK CA,06081,06067,1
COLUSA CO CA,BRENTWOOD CA,COLUSA CO CA to BRENTWOOD CA,06013,06011,1
SANTA CRUZ CO CA,SONOMA CO CA,SANTA CRUZ CO CA to SONOMA CO CA,06097,06087,1
CITRUS HEIGHTS CA,MILPITAS CA,CITRUS HEIGHTS CA to MILPITAS CA,06085,06067,1
MENDOCINO CO CA,SONOMA CO CA,MENDOCINO CO CA to SONOMA CO CA,06097,06045,3
LOS ANGELES CA,SAN DIEGO CA,LOS ANGELES CA to SAN DIEGO CA,06073,06037,3
LOS ANGELES CO CA,SAN DIEGO CA,LOS ANGELES CO CA to SAN DIEGO CA,06073,06037,3
CHINO CA,SAN DIEGO CA,CHINO CA to SAN DIEGO CA,06073,06071,1
LONG BEACH CA,SAN DIEGO CA,LONG BEACH CA to SAN DIEGO CA,06073,06037,1
MODESTO CA,SONOMA CO CA,MODESTO CA to SONOMA CO CA,06097,06099,1
DESERT HOT SPRINGS CA,LONG BEACH CA,DESERT HOT SPRINGS CA to LONG BEACH CA,06037,06065,1
ATWATER CA,SACRAMENTO CA,ATWATER CA to SACRAMENTO CA,06067,06047,1
SAN BERNARDINO CO CA,SAN DIEGO CA,SAN BERNARDINO CO CA to SAN DIEGO CA,06073,06071,4
CONTRA COSTA CO CA,SACRAMENTO CA,CONTRA COSTA CO CA to SACRAMENTO CA,06067,06013,2
TUOLUMNE CO CA,SOLANO CO CA,TUOLUMNE CO CA to SOLANO CO CA,06095,06109,1
BUENA PARK CA,CHULA VISTA CA,BUENA PARK CA to CHULA VISTA CA,06073,06059,1
SAN JOSE CA,SONOMA CO CA,SAN JOSE CA to SONOMA CO CA,06097,06085,1
DALY CITY CA,ELK GROVE CA,DALY CITY CA to ELK GROVE CA,06067,06081,1
MENDOCINO CO CA,ROHNERT PARK CA,MENDOCINO CO CA to ROHNERT PARK CA,06097,06045,1
CITRUS HEIGHTS CA,DALY CITY CA,CITRUS HEIGHTS CA to DALY CITY CA,06081,06067,1
UKIAH CA,SACRAMENTO CA,UKIAH CA to SACRAMENTO CA,06067,06045,1
TUOLUMNE CO CA,ANTIOCH CA,TUOLUMNE CO CA to ANTIOCH CA,06013,06109,1
NEWARK CA,SACRAMENTO CA,NEWARK CA to SACRAMENTO CA,06067,06001,1
MODESTO CA,MENLO PARK CA,MODESTO CA to MENLO PARK CA,06081,06099,1
MOUNTAIN VIEW CA,SACRAMENTO CA,MOUNTAIN VIEW CA to SACRAMENTO CA,06067,06013,1
MANTECA CA,SONOMA CO CA,MANTECA CA to SONOMA CO CA,06097,06077,1
OAKLAND CA,ELK GROVE CA,OAKLAND CA to ELK GROVE CA,06067,06001,1
RIVERSIDE CO CA,CHULA VISTA CA,RIVERSIDE CO CA to CHULA VISTA CA,06073,06065,1
HUNTINGTON BEACH CA,SAN DIEGO CA,HUNTINGTON BEACH CA to SAN DIEGO CA,06073,06059,1
PALM SPRINGS CA,LONG BEACH CA,PALM SPRINGS CA to LONG BEACH CA,06037,06065,1
ELK GROVE CA,DUBLIN CA,ELK GROVE CA to DUBLIN CA,06001,06067,1
GARDEN GROVE CA,OXNARD CA,GARDEN GROVE CA to OXNARD CA,06111,06059,1
CITRUS HEIGHTS CA,ANTIOCH CA,CITRUS HEIGHTS CA to ANTIOCH CA,06013,06067,1
SALINAS CA,STOCKTON CA,SALINAS CA to STOCKTON CA,06077,06053,1
YUBA CO CA,STOCKTON CA,YUBA CO CA to STOCKTON CA,06077,06115,1
SAN JOSE CA,ELK GROVE CA,SAN JOSE CA to ELK GROVE CA,06067,06085,2
SANTA CLARA CO CA,SACRAMENTO CA,SANTA CLARA CO CA to SACRAMENTO CA,06067,06085,1
GRIDLEY CA,SACRAMENTO CA,GRIDLEY CA to SACRAMENTO CA,06067,06007,1
LOS BANOS CA,HAYWARD CA,LOS BANOS CA to HAYWARD CA,06001,06047,1
DALY CITY CA,SONOMA CO CA,DALY CITY CA to SONOMA CO CA,06097,06081,1
ELK GROVE CA,HAYWARD CA,ELK GROVE CA to HAYWARD CA,06001,06067,1
EL DORADO CO CA,SACRAMENTO CA,EL DORADO CO CA to SACRAMENTO CA,06067,06017,11
HEMET CA,LONG BEACH CA,HEMET CA to LONG BEACH CA,06037,06065,2
REDLANDS CA,EL CAJON CA,REDLANDS CA to EL CAJON CA,06073,06071,1
CERES CA,SAN JOSE CA,CERES CA to SAN JOSE CA,06085,06099,2
RIVERSIDE CA,SAN DIEGO CA,RIVERSIDE CA to SAN DIEGO CA,06073,06065,2
RIVERSIDE CO CA,SAN DIEGO CA,RIVERSIDE CO CA to SAN DIEGO CA,06073,06065,9
ALAMEDA CO CA,SACRAMENTO CA,ALAMEDA CO CA to SACRAMENTO CA,06067,06001,1
SANTA ROSA CA,STOCKTON CA,SANTA ROSA CA to STOCKTON CA,06077,06097,1
BUTTE CO CA,SACRAMENTO CA,BUTTE CO CA to SACRAMENTO CA,06067,06007,2
SACRAMENTO CO CA,SAN JOSE CA,SACRAMENTO CO CA to SAN JOSE CA,06085,06067,1
CHICO CA,SACRAMENTO CA,CHICO CA to SACRAMENTO CA,06067,06007,3
MENDOCINO CO CA,WINDSOR CA,MENDOCINO CO CA to WINDSOR CA,06097,06045,2
PLACER CO CA,STOCKTON CA,PLACER CO CA to STOCKTON CA,06077,06061,1
IRVINE CA,SAN DIEGO CA,IRVINE CA to SAN DIEGO CA,06073,06059,2
KENSINGTON CA,SACRAMENTO CA,KENSINGTON CA to SACRAMENTO CA,06067,06013,1
TUSTIN CA,SAN DIEGO CA,TUSTIN CA to SAN DIEGO CA,06073,06059,1
COLUSA CO CA,ELK GROVE CA,COLUSA CO CA to ELK GROVE CA,06067,06011,1
OAKLAND CA,SACRAMENTO CA,OAKLAND CA to SACRAMENTO CA,06067,06001,1
MURRIETA CA,LONG BEACH CA,MURRIETA CA to LONG BEACH CA,06037,06065,1
CERES CA,SACRAMENTO CA,CERES CA to SACRAMENTO CA,06067,06099,1
ORANGE CO CA,SAN DIEGO CA,ORANGE CO CA to SAN DIEGO CA,06073,06059,2
STANISLAUS CO CA,SACRAMENTO CA,STANISLAUS CO CA to SACRAMENTO CA,06067,06099,1
SAN FRANCISCO CA,STOCKTON CA,SAN FRANCISCO CA to STOCKTON CA,06077,06075,1
SAN FRANCISCO CA,SACRAMENTO CA,SAN FRANCISCO CA to SACRAMENTO CA,06067,06075,1
LOS BANOS CA,SAN JOSE CA,LOS BANOS CA to SAN JOSE CA,06085,06047,2
LOS BANOS CA,STOCKTON CA,LOS BANOS CA to STOCKTON CA,06077,06047,2
MANTECA CA,SAN JOSE CA,MANTECA CA to SAN JOSE CA,06085,06077,1
SOUTH SAN FRANCISCO CA,ELK GROVE CA,SOUTH SAN FRANCISCO CA to ELK GROVE CA,06067,06081,1
BERKELEY CA,SACRAMENTO CA,BERKELEY CA to SACRAMENTO CA,06067,06001,2
AUBURN CA,STOCKTON CA,AUBURN CA to STOCKTON CA,06077,06061,1
HERMOSA BEACH CA,SAN BERNARDINO CA,HERMOSA BEACH CA to SAN BERNARDINO CA,06071,06037,1
STANISLAUS CO CA,EMERYVILLE CA,STANISLAUS CO CA to EMERYVILLE CA,06001,06099,1
SACRAMENTO CA,HAYWARD CA,SACRAMENTO CA to HAYWARD CA,06001,06067,3
MANTECA CA,SAN MATEO CO CA,MANTECA CA to SAN MATEO CO CA,06081,06077,1
EL CERRITO CA,SACRAMENTO CA,EL CERRITO CA to SACRAMENTO CA,06067,06013,1
MERCED CA,STOCKTON CA,MERCED CA to STOCKTON CA,06077,06047,1
MERCED CO CA,STOCKTON CA,MERCED CO CA to STOCKTON CA,06077,06047,1
TUOLUMNE CO CA,STOCKTON CA,TUOLUMNE CO CA to STOCKTON CA,06077,06109,4
MODESTO CA,SACRAMENTO CA,MODESTO CA to SACRAMENTO CA,06067,06099,1
SACRAMENTO CO CA,HAYWARD CA,SACRAMENTO CO CA to HAYWARD CA,06001,06067,1
TURLOCK CA,CONCORD CA,TURLOCK CA to CONCORD CA,06013,06099,1
OAKLAND CA,STOCKTON CA,OAKLAND CA to STOCKTON CA,06077,06001,1
STOCKTON CA,SAN MATEO CO CA,STOCKTON CA to SAN MATEO CO CA,06081,06077,1
FAIRFAX CA,SONOMA CO CA,FAIRFAX CA to SONOMA CO CA,06097,06041,1
GONZALES CA,SAN JOSE CA,GONZALES CA to SAN JOSE CA,06085,06053,1
SACRAMENTO CO CA,ALAMEDA CA,SACRAMENTO CO CA to ALAMEDA CA,06001,06067,1
SOLEDAD CA,SAN JOSE CA,SOLEDAD CA to SAN JOSE CA,06085,06053,1
ALAMEDA CA,STOCKTON CA,ALAMEDA CA to STOCKTON CA,06077,06001,1
PACIFICA CA,STOCKTON CA,PACIFICA CA to STOCKTON CA,06077,06081,1
ANTIOCH CA,ROHNERT PARK CA,ANTIOCH CA to ROHNERT PARK CA,06097,06013,1
MODESTO CA,HAYWARD CA,MODESTO CA to HAYWARD CA,06001,06099,3
SAN RAFAEL CA,STOCKTON CA,SAN RAFAEL CA to STOCKTON CA,06077,06041,1
SACRAMENTO CO CA,EMERYVILLE CA,SACRAMENTO CO CA to EMERYVILLE CA,06001,06067,1
ROHNERT PARK CA,SACRAMENTO CA,ROHNERT PARK CA to SACRAMENTO CA,06067,06097,1
SACRAMENTO CA,EMERYVILLE CA,SACRAMENTO CA to EMERYVILLE CA,06001,06067,1
BARSTOW CA,SAN BERNARDINO CA,BARSTOW CA to SAN BERNARDINO CA,06071,06071,2
SAN BERNARDINO CO CA,LONG BEACH CA,SAN BERNARDINO CO CA to LONG BEACH CA,06037,06071,5
STOCKTON CA,NEWARK CA,STOCKTON CA to NEWARK CA,06001,06077,1
LONG BEACH CA,SAN BERNARDINO CA,LONG BEACH CA to SAN BERNARDINO CA,06071,06037,3
STOCKTON CA,NAPA CA,STOCKTON CA to NAPA CA,06055,06077,1
COLUSA CO CA,SACRAMENTO CA,COLUSA CO CA to SACRAMENTO CA,06067,06011,1
EL SEGUNDO CA,SAN BERNARDINO CA,EL SEGUNDO CA to SAN BERNARDINO CA,06071,06037,1
NAPA CA,ELK GROVE CA,NAPA CA to ELK GROVE CA,06067,06055,1
SAN JOSE CA,ANTIOCH CA,SAN JOSE CA to ANTIOCH CA,06013,06085,1
MARTINEZ CA,SACRAMENTO CA,MARTINEZ CA to SACRAMENTO CA,06067,06013,1
RICHMOND CA,SACRAMENTO CA,RICHMOND CA to SACRAMENTO CA,06067,06013,1
STOCKTON CA,SAN JOSE CA,STOCKTON CA to SAN JOSE CA,06085,06077,4
OROVILLE CA,SACRAMENTO CA,OROVILLE CA to SACRAMENTO CA,06067,06007,1
LOS ANGELES CA,SAN BERNARDINO CA,LOS ANGELES CA to SAN BERNARDINO CA,06071,06037,3
MARINA CA,SAN JOSE CA,MARINA CA to SAN JOSE CA,06085,06053,1
SAN PABLO CA,SACRAMENTO CA,SAN PABLO CA to SACRAMENTO CA,06067,06013,1
SAN MATEO CA,STOCKTON CA,SAN MATEO CA to STOCKTON CA,06077,06081,1
BARSTOW CA,FONTANA CA,BARSTOW CA to FONTANA CA,06071,06071,1
FONTANA CA,LONG BEACH CA,FONTANA CA to LONG BEACH CA,06037,06071,1
SAN JOAQUIN CO CA,ALAMEDA CA,SAN JOAQUIN CO CA to ALAMEDA CA,06001,06077,1
LOS ANGELES CO CA,SACRAMENTO CA,LOS ANGELES CO CA to SACRAMENTO CA,06067,06037,1
SAN CARLOS CA,STOCKTON CA,SAN CARLOS CA to STOCKTON CA,06077,06081,1
SAN JOAQUIN CO CA,FREMONT CA,SAN JOAQUIN CO CA to FREMONT CA,06001,06077,1
STOCKTON CA,REDWOOD CA,STOCKTON CA to REDWOOD CA,,06077,1
CONCORD CA,SACRAMENTO CA,CONCORD CA to SACRAMENTO CA,06067,06013,1
CONTRA COSTA CO CA,SAN JOSE CA,CONTRA COSTA CO CA to SAN JOSE CA,06085,06013,1
FOLSOM CA,STOCKTON CA,FOLSOM CA to STOCKTON CA,06077,06067,2
LOS ANGELES CO CA,SAN BERNARDINO CA,LOS ANGELES CO CA to SAN BERNARDINO CA,06071,06037,5
CONTRA COSTA CO CA,STOCKTON CA,CONTRA COSTA CO CA to STOCKTON CA,06077,06013,3
MANHATTAN BEACH CA,FONTANA CA,MANHATTAN BEACH CA to FONTANA CA,06071,06037,1
SACRAMENTO CO CA,CONCORD CA,SACRAMENTO CO CA to CONCORD CA,06013,06067,1
MANTECA CA,SACRAMENTO CA,MANTECA CA to SACRAMENTO CA,06067,06077,1
PINOLE CA,SACRAMENTO CA,PINOLE CA to SACRAMENTO CA,06067,06013,1
TRACY CA,SACRAMENTO CA,TRACY CA to SACRAMENTO CA,06067,06077,2
TURLOCK CA,SAN JOSE CA,TURLOCK CA to SAN JOSE CA,06085,06099,1
LIVERMORE CA,SOLANO CO CA,LIVERMORE CA to SOLANO CO CA,06095,06001,1
ROCKLIN CA,STOCKTON CA,ROCKLIN CA to STOCKTON CA,06077,06061,1
TRACY CA,SAN MATEO CO CA,TRACY CA to SAN MATEO CO CA,06081,06077,1
FREMONT CA,STOCKTON CA,FREMONT CA to STOCKTON CA,06077,06001,1
VALLEJO CA,SAN JOSE CA,VALLEJO CA to SAN JOSE CA,06085,06095,3
BENICIA CA,STOCKTON CA,BENICIA CA to STOCKTON CA,06077,06095,1
MONTEBELLO CA,SAN BERNARDINO CA,MONTEBELLO CA to SAN BERNARDINO CA,06071,06037,1
SAN JOAQUIN CO CA,SAN JOSE CA,SAN JOAQUIN CO CA to SAN JOSE CA,06085,06077,2
SACRAMENTO CO CA,ANTIOCH CA,SACRAMENTO CO CA to ANTIOCH CA,06013,06067,1
GRASS VALLEY CA,SACRAMENTO CA,GRASS VALLEY CA to SACRAMENTO CA,06067,06057,2
COSTA MESA CA,SAN BERNARDINO CA,COSTA MESA CA to SAN BERNARDINO CA,06071,06059,1
SONOMA CO CA,NAPA CA,SONOMA CO CA to NAPA CA,06055,06097,2
SAN JOAQUIN CO CA,CONCORD CA,SAN JOAQUIN CO CA to CONCORD CA,06013,06077,3
FREMONT CA,ANTIOCH CA,FREMONT CA to ANTIOCH CA,06013,06001,1
SACRAMENTO CA,ANTIOCH CA,SACRAMENTO CA to ANTIOCH CA,06013,06067,1
SAN JOAQUIN CO CA,HAYWARD CA,SAN JOAQUIN CO CA to HAYWARD CA,06001,06077,1
FAIRFIELD CA,ELK GROVE CA,FAIRFIELD CA to ELK GROVE CA,06067,06095,1
LODI CA,CONCORD CA,LODI CA to CONCORD CA,06013,06077,1
NAPA CA,HAYWARD CA,NAPA CA to HAYWARD CA,06001,06055,1
LOS ANGELES CA,RIVERSIDE CA,LOS ANGELES CA to RIVERSIDE CA,06065,06037,1
SAN JOSE CA,STOCKTON CA,SAN JOSE CA to STOCKTON CA,06077,06085,3
MARYSVILLE CA,ELK GROVE CA,MARYSVILLE CA to ELK GROVE CA,06067,06115,1
SAN BERNARDINO CA,LONG BEACH CA,SAN BERNARDINO CA to LONG BEACH CA,06037,06071,2
VALLEJO CA,STOCKTON CA,VALLEJO CA to STOCKTON CA,06077,06095,1
FAIRFIELD CA,STOCKTON CA,FAIRFIELD CA to STOCKTON CA,06077,06095,1
CONTRA COSTA CO CA,EMERYVILLE CA,CONTRA COSTA CO CA to EMERYVILLE CA,06001,06013,1
RIVERBANK CA,ELK GROVE CA,RIVERBANK CA to ELK GROVE CA,06067,06099,1
VALLEJO CA,SACRAMENTO CA,VALLEJO CA to SACRAMENTO CA,06067,06095,2
CONCORD CA,STOCKTON CA,CONCORD CA to STOCKTON CA,06077,06013,1
CONCORD CA,SAN MATEO CO CA,CONCORD CA to SAN MATEO CO CA,06081,06013,1
ANTIOCH CA,SACRAMENTO CA,ANTIOCH CA to SACRAMENTO CA,06067,06013,2
FAIRFIELD CA,DALY CITY CA,FAIRFIELD CA to DALY CITY CA,06081,06095,1
SAN JOAQUIN CO CA,MARTINEZ CA,SAN JOAQUIN CO CA to MARTINEZ CA,06013,06077,1
SAN FRANCISCO CA,SAN JOSE CA,SAN FRANCISCO CA to SAN JOSE CA,06085,06075,2
PLACER CO CA,SACRAMENTO CA,PLACER CO CA to SACRAMENTO CA,06067,06061,9
DOWNEY CA,RIVERSIDE CA,DOWNEY CA to RIVERSIDE CA,06065,06037,1
ALAMEDA CO CA,BRENTWOOD CA,ALAMEDA CO CA to BRENTWOOD CA,06013,06001,1
HAYWARD CA,STOCKTON CA,HAYWARD CA to STOCKTON CA,06077,06001,2
STOCKTON CA,HAYWARD CA,STOCKTON CA to HAYWARD CA,06001,06077,3
HEMET CA,FONTANA CA,HEMET CA to FONTANA CA,06071,06065,1
CERES CA,STOCKTON CA,CERES CA to STOCKTON CA,06077,06099,1
LOS ANGELES CO CA,FONTANA CA,LOS ANGELES CO CA to FONTANA CA,06071,06037,4
SAN JOAQUIN CO CA,SACRAMENTO CA,SAN JOAQUIN CO CA to SACRAMENTO CA,06067,06077,4
BERKELEY CA,SAN JOSE CA,BERKELEY CA to SAN JOSE CA,06085,06001,1
HOLLISTER CA,SAN JOSE CA,HOLLISTER CA to SAN JOSE CA,06085,06069,1
PASADENA CA,SAN BERNARDINO CA,PASADENA CA to SAN BERNARDINO CA,06071,06037,2
STOCKTON CA,MILPITAS CA,STOCKTON CA to MILPITAS CA,06085,06077,1
MILLBRAE CA,MILPITAS CA,MILLBRAE CA to MILPITAS CA,06085,06081,1
UNION CITY CA,STOCKTON CA,UNION CITY CA to STOCKTON CA,06077,06001,1
LOS ANGELES CA,FONTANA CA,LOS ANGELES CA to FONTANA CA,06071,06037,2
ANTIOCH CA,HAYWARD CA,ANTIOCH CA to HAYWARD CA,06001,06013,2
HAYWARD CA,ANTIOCH CA,HAYWARD CA to ANTIOCH CA,06013,06001,1
LODI CA,ANTIOCH CA,LODI CA to ANTIOCH CA,06013,06077,1
PITTSBURG CA,SAN JOSE CA,PITTSBURG CA to SAN JOSE CA,06085,06013,1
BALDWIN PARK CA,FONTANA CA,BALDWIN PARK CA to FONTANA CA,06071,06037,1
YUBA CO CA,SACRAMENTO CA,YUBA CO CA to SACRAMENTO CA,06067,06115,3
DALY CITY CA,DUBLIN CA,DALY CITY CA to DUBLIN CA,06001,06081,1
AMADOR CO CA,STOCKTON CA,AMADOR CO CA to STOCKTON CA,06077,06005,2
IRVINE CA,RIVERSIDE CA,IRVINE CA to RIVERSIDE CA,06065,06059,1
BANNING CA,RIVERSIDE CA,BANNING CA to RIVERSIDE CA,06065,06065,1
SAN FRANCISCO CA,NAPA CA,SAN FRANCISCO CA to NAPA CA,06055,06075,2
BERKELEY CA,ANTIOCH CA,BERKELEY CA to ANTIOCH CA,06013,06001,1
SUISUN CITY CA,STOCKTON CA,SUISUN CITY CA to STOCKTON CA,06077,06095,2
WEST SACRAMENTO CA,STOCKTON CA,WEST SACRAMENTO CA to STOCKTON CA,06077,06113,1
CORONA CA,LONG BEACH CA,CORONA CA to LONG BEACH CA,06037,06065,1
SUTTER CO CA,ELK GROVE CA,SUTTER CO CA to ELK GROVE CA,06067,06101,1
RIVERSIDE CO CA,LONG BEACH CA,RIVERSIDE CO CA to LONG BEACH CA,06037,06065,4
RIVERSIDE CA,LONG BEACH CA,RIVERSIDE CA to LONG BEACH CA,06037,06065,1
ANTIOCH CA,STOCKTON CA,ANTIOCH CA to STOCKTON CA,06077,06013,4
SACRAMENTO CA,STOCKTON CA,SACRAMENTO CA to STOCKTON CA,06077,06067,12
STOCKTON CA,SACRAMENTO CA,STOCKTON CA to SACRAMENTO CA,06067,06077,10
ALBANY CA,PLEASANTON CA,ALBANY CA to PLEASANTON CA,06001,06001,1
HEMET CA,RIVERSIDE CA,HEMET CA to RIVERSIDE CA,06065,06065,2
TULARE CO CA,KERN CO CA,TULARE CO CA to KERN CO CA,06029,06107,1
MARYSVILLE CA,SACRAMENTO CA,MARYSVILLE CA to SACRAMENTO CA,06067,06115,1
OCEANSIDE CA,EL CAJON CA,OCEANSIDE CA to EL CAJON CA,06073,06073,1
SAN MATEO CO CA,CONCORD CA,SAN MATEO CO CA to CONCORD CA,06013,06081,1
CALAVERAS CO CA,STOCKTON CA,CALAVERAS CO CA to STOCKTON CA,06077,06009,5
EL CERRITO CA,MENLO PARK CA,EL CERRITO CA to MENLO PARK CA,06081,06013,1
SUNNYVALE CA,BRENTWOOD CA,SUNNYVALE CA to BRENTWOOD CA,06013,06085,1
MODESTO CA,STOCKTON CA,MODESTO CA to STOCKTON CA,06077,06099,7
NAPA CO CA,SACRAMENTO CA,NAPA CO CA to SACRAMENTO CA,06067,06055,1
NEVADA CO CA,SACRAMENTO CA,NEVADA CO CA to SACRAMENTO CA,06067,06057,3
DIXON CA,STOCKTON CA,DIXON CA to STOCKTON CA,06077,06095,1
FREMONT CA,DALY CITY CA,FREMONT CA to DALY CITY CA,06081,06001,2
LIVERMORE CA,STOCKTON CA,LIVERMORE CA to STOCKTON CA,06077,06001,1
STOCKTON CA,SOLANO CO CA,STOCKTON CA to SOLANO CO CA,06095,06077,1
ORANGE CO CA,SAN BERNARDINO CA,ORANGE CO CA to SAN BERNARDINO CA,06071,06059,2
ANAHEIM CA,SAN BERNARDINO CA,ANAHEIM CA to SAN BERNARDINO CA,06071,06059,1
TURLOCK CA,STOCKTON CA,TURLOCK CA to STOCKTON CA,06077,06099,2
CALISTOGA CA,SONOMA CO CA,CALISTOGA CA to SONOMA CO CA,06097,06055,1
ALAMEDA CO CA,ANTIOCH CA,ALAMEDA CO CA to ANTIOCH CA,06013,06001,1
EMERYVILLE CA,MARIN CO CA,EMERYVILLE CA to MARIN CO CA,06041,06001,1
FAIRFIELD CA,SACRAMENTO CA,FAIRFIELD CA to SACRAMENTO CA,06067,06095,4
RIVERSIDE CA,HUNTINGTON BEACH CA,RIVERSIDE CA to HUNTINGTON BEACH CA,06059,06065,1
YUBA CITY CA,SACRAMENTO CA,YUBA CITY CA to SACRAMENTO CA,06067,06101,2
BEAUMONT CA,RIVERSIDE CA,BEAUMONT CA to RIVERSIDE CA,06065,06065,1
NAPA CA,CONCORD CA,NAPA CA to CONCORD CA,06013,06055,1
STOCKTON CA,CONCORD CA,STOCKTON CA to CONCORD CA,06013,06077,2
FAIRFIELD CA,ALAMEDA CA,FAIRFIELD CA to ALAMEDA CA,06001,06095,1
GALT CA,SACRAMENTO CA,GALT CA to SACRAMENTO CA,06067,06067,1
SAN FRANCISCO CA,ANTIOCH CA,SAN FRANCISCO CA to ANTIOCH CA,06013,06075,1
ALAMEDA CO CA,SAN JOSE CA,ALAMEDA CO CA to SAN JOSE CA,06085,06001,2
CONTRA COSTA CO CA,HAYWARD CA,CONTRA COSTA CO CA to HAYWARD CA,06001,06013,1
CLOVERDALE CA,ROHNERT PARK CA,CLOVERDALE CA to ROHNERT PARK CA,06097,06097,1
MONTCLAIR CA,SAN BERNARDINO CA,MONTCLAIR CA to SAN BERNARDINO CA,06071,06071,1
BRENTWOOD CA,VALLEJO CA,BRENTWOOD CA to VALLEJO CA,06095,06013,1
HAYWARD CA,SAN JOSE CA,HAYWARD CA to SAN JOSE CA,06085,06001,1
FAIRFIELD CA,ANTIOCH CA,FAIRFIELD CA to ANTIOCH CA,06013,06095,1
DAVIS CA,NAPA CA,DAVIS CA to NAPA CA,06055,06113,1
TRACY CA,SAN JOSE CA,TRACY CA to SAN JOSE CA,06085,06077,1
SAN RAFAEL CA,DUBLIN CA,SAN RAFAEL CA to DUBLIN CA,06001,06041,1
COTATI CA,SONOMA CO CA,COTATI CA to SONOMA CO CA,06097,06097,1
ANTIOCH CA,SOLANO CO CA,ANTIOCH CA to SOLANO CO CA,06095,06013,1
LINCOLN CA,SACRAMENTO CA,LINCOLN CA to SACRAMENTO CA,06067,06061,3
OAKLAND CA,ANTIOCH CA,OAKLAND CA to ANTIOCH CA,06013,06001,1
LOS ANGELES CO CA,ONTARIO CA,LOS ANGELES CO CA to ONTARIO CA,06071,06037,2
LOS ANGELES CO CA,OXNARD CA,LOS ANGELES CO CA to OXNARD CA,06111,06037,1
CARLSBAD CA,SAN DIEGO CA,CARLSBAD CA to SAN DIEGO CA,06073,06073,6
NOVATO CA,WINDSOR CA,NOVATO CA to WINDSOR CA,06097,06041,1
ESCONDIDO CA,CHULA VISTA CA,ESCONDIDO CA to CHULA VISTA CA,06073,06073,1
FAIRFIELD CA,PINOLE CA,FAIRFIELD CA to PINOLE CA,06013,06095,1
SAN JOAQUIN CO CA,ELK GROVE CA,SAN JOAQUIN CO CA to ELK GROVE CA,06067,06077,2
REDWOOD CITY CA,CONCORD CA,REDWOOD CITY CA to CONCORD CA,06013,06081,1
MURRIETA CA,RIVERSIDE CA,MURRIETA CA to RIVERSIDE CA,06065,06065,1
SACRAMENTO CO CA,STOCKTON CA,SACRAMENTO CO CA to STOCKTON CA,06077,06067,8
RICHMOND CA,SOLANO CO CA,RICHMOND CA to SOLANO CO CA,06095,06013,1
MARIN CO CA,VALLEJO CA,MARIN CO CA to VALLEJO CA,06095,06041,1
UPLAND CA,LONG BEACH CA,UPLAND CA to LONG BEACH CA,06037,06071,1
STANISLAUS CO CA,STOCKTON CA,STANISLAUS CO CA to STOCKTON CA,06077,06099,3
ONTARIO CA,LONG BEACH CA,ONTARIO CA to LONG BEACH CA,06037,06071,2
OCEANSIDE CA,SAN DIEGO CA,OCEANSIDE CA to SAN DIEGO CA,06073,06073,15
CLAREMONT CA,RIVERSIDE CA,CLAREMONT CA to RIVERSIDE CA,06065,06037,1
GALT CA,STOCKTON CA,GALT CA to STOCKTON CA,06077,06067,1
IONE CA,STOCKTON CA,IONE CA to STOCKTON CA,06077,06005,1
SAN JOAQUIN CO CA,ANTIOCH CA,SAN JOAQUIN CO CA to ANTIOCH CA,06013,06077,1
PATTERSON CA,STOCKTON CA,PATTERSON CA to STOCKTON CA,06077,06099,1
VALLEJO CA,HAYWARD CA,VALLEJO CA to HAYWARD CA,06001,06095,1
WHITTIER CA,FONTANA CA,WHITTIER CA to FONTANA CA,06071,06037,1
OAKLAND CA,SAN MATEO CO CA,OAKLAND CA to SAN MATEO CO CA,06081,06001,1
SANTA BARBARA CO CA,OXNARD CA,SANTA BARBARA CO CA to OXNARD CA,06111,06083,1
LOS ANGELES CA,LONG BEACH CA,LOS ANGELES CA to LONG BEACH CA,06037,06037,23
ANTIOCH CA,DUBLIN CA,ANTIOCH CA to DUBLIN CA,06001,06013,1
SUNNYVALE CA,DALY CITY CA,SUNNYVALE CA to DALY CITY CA,06081,06085,1
VACAVILLE CA,BRENTWOOD CA,VACAVILLE CA to BRENTWOOD CA,06013,06095,1
EL CERRITO CA,SAN RAMON CA,EL CERRITO CA to SAN RAMON CA,06013,06013,1
DIXON CA,SACRAMENTO CA,DIXON CA to SACRAMENTO CA,06067,06095,1
CITRUS HEIGHTS CA,ELK GROVE CA,CITRUS HEIGHTS CA to ELK GROVE CA,06067,06067,1
LOS ANGELES CA,HUNTINGTON BEACH CA,LOS ANGELES CA to HUNTINGTON BEACH CA,06059,06037,1
WEST COVINA CA,RIVERSIDE CA,WEST COVINA CA to RIVERSIDE CA,06065,06037,1
STOCKTON CA,ELK GROVE CA,STOCKTON CA to ELK GROVE CA,06067,06077,1
SUTTER CO CA,SACRAMENTO CA,SUTTER CO CA to SACRAMENTO CA,06067,06101,4
FOLSOM CA,SACRAMENTO CA,FOLSOM CA to SACRAMENTO CA,06067,06067,5
FAIRFIELD CA,CONCORD CA,FAIRFIELD CA to CONCORD CA,06013,06095,1
BENICIA CA,SOLANO CO CA,BENICIA CA to SOLANO CO CA,06095,06095,1
GLENDORA CA,SAN BERNARDINO CA,GLENDORA CA to SAN BERNARDINO CA,06071,06037,1
ELK GROVE CA,STOCKTON CA,ELK GROVE CA to STOCKTON CA,06077,06067,8
MENLO PARK CA,PACIFICA CA,MENLO PARK CA to PACIFICA CA,06081,06081,1
CULVER CITY CA,LONG BEACH CA,CULVER CITY CA to LONG BEACH CA,06037,06037,1
ALAMEDA CO CA,MENLO PARK CA,ALAMEDA CO CA to MENLO PARK CA,06081,06001,1
VACAVILLE CA,SACRAMENTO CA,VACAVILLE CA to SACRAMENTO CA,06067,06095,4
SAN LEANDRO CA,SAN JOSE CA,SAN LEANDRO CA to SAN JOSE CA,06085,06001,1
NAPA CA,SOLANO CO CA,NAPA CA to SOLANO CO CA,06095,06055,2
LIVERMORE CA,SAN JOSE CA,LIVERMORE CA to SAN JOSE CA,06085,06001,1
AUBURN CA,SACRAMENTO CA,AUBURN CA to SACRAMENTO CA,06067,06061,1
VALLEJO CA,DALY CITY CA,VALLEJO CA to DALY CITY CA,06081,06095,1
RICHMOND CA,ANTIOCH CA,RICHMOND CA to ANTIOCH CA,06013,06013,1
ORANGE CO CA,RIVERSIDE CA,ORANGE CO CA to RIVERSIDE CA,06065,06059,2
SAN JOSE CA,SAN MATEO CO CA,SAN JOSE CA to SAN MATEO CO CA,06081,06085,2
SAN MATEO CO CA,SAN JOSE CA,SAN MATEO CO CA to SAN JOSE CA,06085,06081,2
SOLANO CO CA,SACRAMENTO CA,SOLANO CO CA to SACRAMENTO CA,06067,06095,1
SANTA CLARA CO CA,SAN MATEO CO CA,SANTA CLARA CO CA to SAN MATEO CO CA,06081,06085,1
CONCORD CA,NAPA CA,CONCORD CA to NAPA CA,06055,06013,1
SAN JOSE CA,SAN MATEO CA,SAN JOSE CA to SAN MATEO CA,06081,06085,1
POMONA CA,LONG BEACH CA,POMONA CA to LONG BEACH CA,06037,06037,2
VACAVILLE CA,ANTIOCH CA,VACAVILLE CA to ANTIOCH CA,06013,06095,1
ALAMEDA CO CA,SAN MATEO CO CA,ALAMEDA CO CA to SAN MATEO CO CA,06081,06001,1
FAIRFIELD CA,SONOMA CO CA,FAIRFIELD CA to SONOMA CO CA,06097,06095,1
STOCKTON CA,ANTIOCH CA,STOCKTON CA to ANTIOCH CA,06013,06077,4
COSTA MESA CA,LONG BEACH CA,COSTA MESA CA to LONG BEACH CA,06037,06059,1
ESCONDIDO CA,SAN DIEGO CA,ESCONDIDO CA to SAN DIEGO CA,06073,06073,3
POMONA CA,SAN BERNARDINO CA,POMONA CA to SAN BERNARDINO CA,06071,06037,1
ANTIOCH CA,SAN RAMON CA,ANTIOCH CA to SAN RAMON CA,06013,06013,1
VALLEJO CA,ANTIOCH CA,VALLEJO CA to ANTIOCH CA,06013,06095,2
RICHMOND CA,FOSTER CITY CA,RICHMOND CA to FOSTER CITY CA,06081,06013,1
SANTA CRUZ CA,SAN JOSE CA,SANTA CRUZ CA to SAN JOSE CA,06085,06087,3
SAN LEANDRO CA,ANTIOCH CA,SAN LEANDRO CA to ANTIOCH CA,06013,06001,1
TRACY CA,ANTIOCH CA,TRACY CA to ANTIOCH CA,06013,06077,1
WINTERS CA,SACRAMENTO CA,WINTERS CA to SACRAMENTO CA,06067,06113,1
BAY AREA RAPID TRANSIT CA,REDWOOD CA,BAY AREA RAPID TRANSIT CA to REDWOOD CA,,0,1
FAIRFIELD CA,VALLEJO CA,FAIRFIELD CA to VALLEJO CA,06095,06095,1
MILLBRAE CA,MENLO PARK CA,MILLBRAE CA to MENLO PARK CA,06081,06081,1
YOLO CO CA,SACRAMENTO CA,YOLO CO CA to SACRAMENTO CA,06067,06113,1
RICHMOND CA,HAYWARD CA,RICHMOND CA to HAYWARD CA,06001,06013,1
SANTA CLARA CA,SAN MATEO CA,SANTA CLARA CA to SAN MATEO CA,06081,06085,1
RIVERBANK CA,STOCKTON CA,RIVERBANK CA to STOCKTON CA,06077,06099,1
CORTE MADERA CA,MARIN CO CA,CORTE MADERA CA to MARIN CO CA,06041,06041,1
ANAHEIM CA,LONG BEACH CA,ANAHEIM CA to LONG BEACH CA,06037,06059,1
LOS ANGELES CO CA,LONG BEACH CA,LOS ANGELES CO CA to LONG BEACH CA,06037,06037,33
VALLEJO CA,SOLANO CO CA,VALLEJO CA to SOLANO CO CA,06095,06095,3
INGLEWOOD CA,LONG BEACH CA,INGLEWOOD CA to LONG BEACH CA,06037,06037,2
PETALUMA CA,WINDSOR CA,PETALUMA CA to WINDSOR CA,06097,06097,1
SAN JOSE CA,HAYWARD CA,SAN JOSE CA to HAYWARD CA,06001,06085,2
CHINO CA,FONTANA CA,CHINO CA to FONTANA CA,06071,06071,1
SHAFTER CA,KERN CO CA,SHAFTER CA to KERN CO CA,06029,06029,1
FREMONT CA,DUBLIN CA,FREMONT CA to DUBLIN CA,06001,06001,1
SAN FRANCISCO CA,HAYWARD CA,SAN FRANCISCO CA to HAYWARD CA,06001,06075,1
LA HABRA CA,LONG BEACH CA,LA HABRA CA to LONG BEACH CA,06037,06059,1
MONTEREY CO CA,LONG BEACH CA,MONTEREY CO CA to LONG BEACH CA,06037,06053,1
MONTEREY PARK CA,LONG BEACH CA,MONTEREY PARK CA to LONG BEACH CA,06037,06037,1
SAN BERNARDINO CO CA,ONTARIO CA,SAN BERNARDINO CO CA to ONTARIO CA,06071,06071,1
ROHNERT PARK CA,SONOMA CO CA,ROHNERT PARK CA to SONOMA CO CA,06097,06097,1
FULLERTON CA,LONG BEACH CA,FULLERTON CA to LONG BEACH CA,06037,06059,1
PLEASANT HILL CA,HAYWARD CA,PLEASANT HILL CA to HAYWARD CA,06001,06013,1
PINOLE CA,DALY CITY CA,PINOLE CA to DALY CITY CA,06081,06013,1
SUISUN CITY CA,ANTIOCH CA,SUISUN CITY CA to ANTIOCH CA,06013,06095,1
OAKLAND CA,CONCORD CA,OAKLAND CA to CONCORD CA,06013,06001,2
NEWPORT BEACH CA,LONG BEACH CA,NEWPORT BEACH CA to LONG BEACH CA,06037,06059,1
POMONA CA,RIVERSIDE CA,POMONA CA to RIVERSIDE CA,06065,06037,1
ALAMEDA CO CA,SAN RAMON CA,ALAMEDA CO CA to SAN RAMON CA,06013,06001,1
CITRUS HEIGHTS CA,SACRAMENTO CA,CITRUS HEIGHTS CA to SACRAMENTO CA,06067,06067,10
FOUNTAIN VALLEY CA,LONG BEACH CA,FOUNTAIN VALLEY CA to LONG BEACH CA,06037,06059,2
WEST COVINA CA,LONG BEACH CA,WEST COVINA CA to LONG BEACH CA,06037,06037,1
ALAMEDA CA,HAYWARD CA,ALAMEDA CA to HAYWARD CA,06001,06001,1
SAN JOSE CA,REDWOOD CA,SAN JOSE CA to REDWOOD CA,,06085,1
NOVATO CA,VALLEJO CA,NOVATO CA to VALLEJO CA,06095,06041,1
DAVIS CA,SACRAMENTO CA,DAVIS CA to SACRAMENTO CA,06067,06113,1
ELK GROVE CA,SACRAMENTO CA,ELK GROVE CA to SACRAMENTO CA,06067,06067,29
FREMONT CA,HAYWARD CA,FREMONT CA to HAYWARD CA,06001,06001,1
HAYWARD CA,SAN MATEO CA,HAYWARD CA to SAN MATEO CA,06081,06001,1
ALAMEDA CO CA,DUBLIN CA,ALAMEDA CO CA to DUBLIN CA,06001,06001,1
SUNNYVALE CA,SAN MATEO CO CA,SUNNYVALE CA to SAN MATEO CO CA,06081,06085,1
ROCKLIN CA,SACRAMENTO CA,ROCKLIN CA to SACRAMENTO CA,06067,06061,2
PITTSBURG CA,SOLANO CO CA,PITTSBURG CA to SOLANO CO CA,06095,06013,1
CONTRA COSTA CO CA,ANTIOCH CA,CONTRA COSTA CO CA to ANTIOCH CA,06013,06013,12
ORANGE CO CA,LONG BEACH CA,ORANGE CO CA to LONG BEACH CA,06037,06059,5
DALY CITY CA,SAN MATEO CA,DALY CITY CA to SAN MATEO CA,06081,06081,1
CONTRA COSTA CO CA,WALNUT CREEK CA,CONTRA COSTA CO CA to WALNUT CREEK CA,06013,06013,2
NEWARK CA,HAYWARD CA,NEWARK CA to HAYWARD CA,06001,06001,1
ANAHEIM CA,HUNTINGTON BEACH CA,ANAHEIM CA to HUNTINGTON BEACH CA,06059,06059,1
ONTARIO CA,SAN BERNARDINO CA,ONTARIO CA to SAN BERNARDINO CA,06071,06071,1
SAN BERNARDINO CA,ONTARIO CA,SAN BERNARDINO CA to ONTARIO CA,06071,06071,1
HUNTINGTON BEACH CA,LONG BEACH CA,HUNTINGTON BEACH CA to LONG BEACH CA,06037,06059,3
SAN MATEO CO CA,DALY CITY CA,SAN MATEO CO CA to DALY CITY CA,06081,06081,1
MANTECA CA,STOCKTON CA,MANTECA CA to STOCKTON CA,06077,06077,10
CORONA CA,RIVERSIDE CA,CORONA CA to RIVERSIDE CA,06065,06065,6
BUENA PARK CA,HUNTINGTON BEACH CA,BUENA PARK CA to HUNTINGTON BEACH CA,06059,06059,1
FONTANA CA,RIVERSIDE CA,FONTANA CA to RIVERSIDE CA,06065,06071,2
GARDEN GROVE CA,LONG BEACH CA,GARDEN GROVE CA to LONG BEACH CA,06037,06059,1
LODI CA,STOCKTON CA,LODI CA to STOCKTON CA,06077,06077,5
FREMONT CA,SAN JOSE CA,FREMONT CA to SAN JOSE CA,06085,06001,1
EAST PALO ALTO CA,HAYWARD CA,EAST PALO ALTO CA to HAYWARD CA,06001,06081,2
SAN JOSE CA,MENLO PARK CA,SAN JOSE CA to MENLO PARK CA,06081,06085,3
ANTIOCH CA,CONCORD CA,ANTIOCH CA to CONCORD CA,06013,06013,6
CONCORD CA,ANTIOCH CA,CONCORD CA to ANTIOCH CA,06013,06013,2
SANTA CLARA CO CA,MENLO PARK CA,SANTA CLARA CO CA to MENLO PARK CA,06081,06085,1
OAKLAND CA,HAYWARD CA,OAKLAND CA to HAYWARD CA,06001,06001,6
RICHMOND CA,DALY CITY CA,RICHMOND CA to DALY CITY CA,06081,06013,1
RIPON CA,STOCKTON CA,RIPON CA to STOCKTON CA,06077,06077,3
HAYWARD CA,SAN MATEO CO CA,HAYWARD CA to SAN MATEO CO CA,06081,06001,2
REDLANDS CA,FONTANA CA,REDLANDS CA to FONTANA CA,06071,06071,1
ST. HELENA CA,ROHNERT PARK CA,ST. HELENA CA to ROHNERT PARK CA,06097,06055,1
OAKLAND CA,PINOLE CA,OAKLAND CA to PINOLE CA,06013,06001,1
CHULA VISTA CA,SAN DIEGO CA,CHULA VISTA CA to SAN DIEGO CA,06073,06073,19
TRACY CA,STOCKTON CA,TRACY CA to STOCKTON CA,06077,06077,11
VALLEJO CA,CONCORD CA,VALLEJO CA to CONCORD CA,06013,06095,3
WOODLAND CA,SACRAMENTO CA,WOODLAND CA to SACRAMENTO CA,06067,06113,3
ROSEVILLE CA,SACRAMENTO CA,ROSEVILLE CA to SACRAMENTO CA,06067,06061,10
FONTANA CA,SAN BERNARDINO CA,FONTANA CA to SAN BERNARDINO CA,06071,06071,8
MOUNTAIN VIEW CA,REDWOOD CA,MOUNTAIN VIEW CA to REDWOOD CA,,06013,1
HEALDSBURG CA,SONOMA CO CA,HEALDSBURG CA to SONOMA CO CA,06097,06097,1
PLEASANT HILL CA,ANTIOCH CA,PLEASANT HILL CA to ANTIOCH CA,06013,06013,2
GILROY CA,MORGAN HILL CA,GILROY CA to MORGAN HILL CA,06085,06085,1
VALLEJO CA,NAPA CA,VALLEJO CA to NAPA CA,06055,06095,2
BENICIA CA,PINOLE CA,BENICIA CA to PINOLE CA,06013,06095,1
SANTA ROSA CA,PETALUMA CA,SANTA ROSA CA to PETALUMA CA,06097,06097,1
RIALTO CA,ONTARIO CA,RIALTO CA to ONTARIO CA,06071,06071,1
LA MESA CA,SAN DIEGO CA,LA MESA CA to SAN DIEGO CA,06073,06073,12
HILLSBOROUGH CA,REDWOOD CA,HILLSBOROUGH CA to REDWOOD CA,,06081,1
PLEASANT HILL CA,VALLEJO CA,PLEASANT HILL CA to VALLEJO CA,06095,06013,1
WEST SACRAMENTO CA,ELK GROVE CA,WEST SACRAMENTO CA to ELK GROVE CA,06067,06113,1
MOUNTAIN VIEW CA,SAN JOSE CA,MOUNTAIN VIEW CA to SAN JOSE CA,06085,06013,2
EAST PALO ALTO CA,SAN MATEO CO CA,EAST PALO ALTO CA to SAN MATEO CO CA,06081,06081,1
WHITTIER CA,LONG BEACH CA,WHITTIER CA to LONG BEACH CA,06037,06037,1
RIVERSIDE CO CA,ONTARIO CA,RIVERSIDE CO CA to ONTARIO CA,06071,06065,1
ONTARIO CA,RIVERSIDE CA,ONTARIO CA to RIVERSIDE CA,06065,06071,4
SAN BERNARDINO CO CA,FONTANA CA,SAN BERNARDINO CO CA to FONTANA CA,06071,06071,7
LOS ALTOS CA,REDWOOD CA,LOS ALTOS CA to REDWOOD CA,,06085,1
REDONDO BEACH CA,LONG BEACH CA,REDONDO BEACH CA to LONG BEACH CA,06037,06037,1
EL CAJON CA,SAN DIEGO CA,EL CAJON CA to SAN DIEGO CA,06073,06073,12
SAN DIEGO CA,EL CAJON CA,SAN DIEGO CA to EL CAJON CA,06073,06073,9
SAN BERNARDINO CO CA,RIVERSIDE CA,SAN BERNARDINO CO CA to RIVERSIDE CA,06065,06071,4
LOS GATOS CA,SAN JOSE CA,LOS GATOS CA to SAN JOSE CA,06085,06085,1
SACRAMENTO CA,ELK GROVE CA,SACRAMENTO CA to ELK GROVE CA,06067,06067,15
ALAMEDA CO CA,HAYWARD CA,ALAMEDA CO CA to HAYWARD CA,06001,06001,1
SAN MATEO CA,HAYWARD CA,SAN MATEO CA to HAYWARD CA,06001,06081,2
RICHMOND CA,VALLEJO CA,RICHMOND CA to VALLEJO CA,06095,06013,1
CONTRA COSTA CO CA,BRENTWOOD CA,CONTRA COSTA CO CA to BRENTWOOD CA,06013,06013,1
RIVERSIDE CA,SAN BERNARDINO CA,RIVERSIDE CA to SAN BERNARDINO CA,06071,06065,4
SAN BERNARDINO CA,RIVERSIDE CA,SAN BERNARDINO CA to RIVERSIDE CA,06065,06071,2
RIVERSIDE CO CA,SAN BERNARDINO CA,RIVERSIDE CO CA to SAN BERNARDINO CA,06071,06065,8
FAIRFIELD CA,SOLANO CO CA,FAIRFIELD CA to SOLANO CO CA,06095,06095,1
PITTSBURG CA,BRENTWOOD CA,PITTSBURG CA to BRENTWOOD CA,06013,06013,1
PITTSBURG CA,WALNUT CREEK CA,PITTSBURG CA to WALNUT CREEK CA,06013,06013,1
RIVERSIDE CO CA,FONTANA CA,RIVERSIDE CO CA to FONTANA CA,06071,06065,4
RIVERSIDE CA,FONTANA CA,RIVERSIDE CA to FONTANA CA,06071,06065,1
SAN MATEO CA,MENLO PARK CA,SAN MATEO CA to MENLO PARK CA,06081,06081,1
PINOLE CA,EMERYVILLE CA,PINOLE CA to EMERYVILLE CA,06001,06013,1
CYPRESS CA,LONG BEACH CA,CYPRESS CA to LONG BEACH CA,06037,06059,1
MARTINEZ CA,WALNUT CREEK CA,MARTINEZ CA to WALNUT CREEK CA,06013,06013,2
TORRANCE CA,LONG BEACH CA,TORRANCE CA to LONG BEACH CA,06037,06037,3
UPLAND CA,FONTANA CA,UPLAND CA to FONTANA CA,06071,06071,1
CONTRA COSTA CO CA,CONCORD CA,CONTRA COSTA CO CA to CONCORD CA,06013,06013,5
SAN DIEGO CA,CHULA VISTA CA,SAN DIEGO CA to CHULA VISTA CA,06073,06073,16
ORANGE CO CA,HUNTINGTON BEACH CA,ORANGE CO CA to HUNTINGTON BEACH CA,06059,06059,4
MARTINEZ CA,CONCORD CA,MARTINEZ CA to CONCORD CA,06013,06013,1
WESTMINSTER CA,LONG BEACH CA,WESTMINSTER CA to LONG BEACH CA,06037,06059,1
SAN BERNARDINO CA,FONTANA CA,SAN BERNARDINO CA to FONTANA CA,06071,06071,7
REDWOOD CA,SAN MATEO CO CA,REDWOOD CA to SAN MATEO CO CA,06081,,3
REDWOOD CITY CA,SAN MATEO CO CA,REDWOOD CITY CA to SAN MATEO CO CA,06081,06081,1
SAN MATEO CO CA,REDWOOD CA,SAN MATEO CO CA to REDWOOD CA,,06081,1
ONTARIO CA,FONTANA CA,ONTARIO CA to FONTANA CA,06071,06071,1
SONOMA CO CA,WINDSOR CA,SONOMA CO CA to WINDSOR CA,06097,06097,2
SAN DIEGO CA,LA MESA CA,SAN DIEGO CA to LA MESA CA,06073,06073,6
CAMPBELL CA,SAN JOSE CA,CAMPBELL CA to SAN JOSE CA,06085,06085,2
SUNNYVALE CA,SAN JOSE CA,SUNNYVALE CA to SAN JOSE CA,06085,06085,2
ALAMEDA CA,EMERYVILLE CA,ALAMEDA CA to EMERYVILLE CA,06001,06001,1
ANTIOCH CA,BRENTWOOD CA,ANTIOCH CA to BRENTWOOD CA,06013,06013,5
BRENTWOOD CA,ANTIOCH CA,BRENTWOOD CA to ANTIOCH CA,06013,06013,1
REDLANDS CA,SAN BERNARDINO CA,REDLANDS CA to SAN BERNARDINO CA,06071,06071,3
FREMONT CA,MILPITAS CA,FREMONT CA to MILPITAS CA,06085,06001,1
CYPRESS CA,SAN JOSE CA,CYPRESS CA to SAN JOSE CA,06085,06059,1
SAN LEANDRO CA,HAYWARD CA,SAN LEANDRO CA to HAYWARD CA,06001,06001,1
RICHMOND CA,EMERYVILLE CA,RICHMOND CA to EMERYVILLE CA,06001,06013,1
SAN JOSE CA,MILPITAS CA,SAN JOSE CA to MILPITAS CA,06085,06085,6
COLTON CA,SAN BERNARDINO CA,COLTON CA to SAN BERNARDINO CA,06071,06071,3
PITTSBURG CA,ANTIOCH CA,PITTSBURG CA to ANTIOCH CA,06013,06013,8
PITTSBURG CA,CONCORD CA,PITTSBURG CA to CONCORD CA,06013,06013,3
VENTURA CA,OXNARD CA,VENTURA CA to OXNARD CA,06111,06111,7
WALNUT CREEK CA,CONCORD CA,WALNUT CREEK CA to CONCORD CA,06013,06013,2
SEAL BEACH CA,LONG BEACH CA,SEAL BEACH CA to LONG BEACH CA,06037,06059,1
SAN FRANCISCO CA,DALY CITY CA,SAN FRANCISCO CA to DALY CITY CA,06081,06075,2
RIALTO CA,FONTANA CA,RIALTO CA to FONTANA CA,06071,06071,1
RICHMOND CA,PINOLE CA,RICHMOND CA to PINOLE CA,06013,06013,1
NATIONAL CITY CA,SAN DIEGO CA,NATIONAL CITY CA to SAN DIEGO CA,06073,06073,3
RIALTO CA,SAN BERNARDINO CA,RIALTO CA to SAN BERNARDINO CA,06071,06071,7
SACRAMENTO CO CA,ELK GROVE CA,SACRAMENTO CO CA to ELK GROVE CA,06067,06067,6
BURLINGAME CA,SAN MATEO CA,BURLINGAME CA to SAN MATEO CA,06081,06081,1
EAST PALO ALTO CA,MENLO PARK CA,EAST PALO ALTO CA to MENLO PARK CA,06081,06081,1
CORONADO CA,SAN DIEGO CA,CORONADO CA to SAN DIEGO CA,06073,06073,2
PLEASANT HILL CA,CONCORD CA,PLEASANT HILL CA to CONCORD CA,06013,06013,1
UNION CITY CA,HAYWARD CA,UNION CITY CA to HAYWARD CA,06001,06001,1
SANTA CLARA CA,SAN JOSE CA,SANTA CLARA CA to SAN JOSE CA,06085,06085,2
REDWOOD CA,MENLO PARK CA,REDWOOD CA to MENLO PARK CA,06081,,1
REDWOOD CITY CA,MENLO PARK CA,REDWOOD CITY CA to MENLO PARK CA,06081,06081,1
BERKELEY CA,EMERYVILLE CA,BERKELEY CA to EMERYVILLE CA,06001,06001,1
PORT HUENEME CA,OXNARD CA,PORT HUENEME CA to OXNARD CA,06111,06111,1
SIGNAL HILL CA,LONG BEACH CA,SIGNAL HILL CA to LONG BEACH CA,06037,06037,4
WEST SACRAMENTO CA,SACRAMENTO CA,WEST SACRAMENTO CA to SACRAMENTO CA,06067,06113,7
BROADMOOR CA,DALY CITY CA,BROADMOOR CA to DALY CITY CA,06081,06081,1
MILPITAS CA,MILPITAS CA,MILPITAS CA to MILPITAS CA,06085,06085,1
PLEASANTON CA,PLEASANTON CA,PLEASANTON CA to PLEASANTON CA,06001,06001,1
REDWOOD CA,REDWOOD CA,REDWOOD CA to REDWOOD CA,,,1
REDWOOD CITY CA,REDWOOD CA,REDWOOD CITY CA to REDWOOD CA,,06081,1